<?xml version="1.0"?>
<doc>
    <assembly>
        <name>QscQsys</name>
    </assembly>
    <members>
        <member name="M:QscQsys.QsysComponent.Initialize(System.String,QscQsys.Component)">
            <summary>
            Default constructor for a QsysFader
            </summary>
            <param name="Name">The component name of the gain.</param>
        </member>
        <member name="T:QscQsys.QsysInternalEventsArgs">
            <summary>
            Used only for internal methods.
            </summary>
        </member>
        <member name="T:QscQsys.InternalEvents">
            <summary>
            Used only for internal methods.
            </summary>
        </member>
        <member name="T:QscQsys.QsysCore">
            <summary>
            Q-SYS Core class that manages connection and parses responses to be dsitributed to components and named control classes
            </summary>
        </member>
        <member name="M:QscQsys.QsysCore.Debug(System.UInt16)">
            <summary>
            Set dbug mode.
            </summary>
            <param name="value"></param>
        </member>
        <member name="M:QscQsys.QsysCore.Initialize(System.String,System.String,System.UInt16,System.String,System.String,System.UInt16)">
            <summary>
            Initialzes all methods that are required to setup the class. Connection is established on port 1702.
            </summary>
        </member>
        <member name="M:QscQsys.QsysCore.NewExternalResponse(System.String)">
            <summary>
            Enqueue response from SIMPL to be parsed
            </summary>
            <param name="response">Response from SIMPL to be parsed</param>
        </member>
        <member name="M:QscQsys.QsysCore.Dispose">
            <summary>
            Clean up of unmanaged resources
            </summary>
        </member>
        <member name="P:QscQsys.QsysCore.IsInitialized">
            <summary>
            Get initialzation status
            </summary>
        </member>
        <member name="P:QscQsys.QsysCore.IsDisposed">
            <summary>
            Get disposed status
            </summary>
        </member>
        <member name="P:QscQsys.QsysCore.IsConnected">
            <summary>
            Get connection status
            </summary>
        </member>
        <member name="P:QscQsys.QsysCore.IsDebugMode">
            <summary>
            Get debug mode
            </summary>
        </member>
        <member name="P:QscQsys.QsysCore.MaxLogonAttemps">
            <summary>
            Get or set  max logon attempts
            </summary>
        </member>
        <member name="P:QscQsys.QsysCore.IsRedundant">
            <summary>
            Get redundant status
            </summary>
        </member>
        <member name="P:QscQsys.QsysCore.IsEmulator">
            <summary>
            Get emulator status
            </summary>
        </member>
        <member name="P:QscQsys.QsysCore.DesignName">
            <summary>
            Get running design name
            </summary>
        </member>
        <member name="P:QscQsys.QsysCore.CoreId">
            <summary>
            Get core ID
            </summary>
        </member>
        <member name="M:QscQsys.QsysMatrixMixer.SetCrossPointMute(System.String,System.String,System.Boolean)">
            <summary>
            Sets a crosspoint mute ex. *=everything, 1 2 3=channels 1, 2, 3,  1-6=channels 1 through 6, 1-8 !3=channels 1 through 8 except 3, * !3-5=everything but 3 through 5
            </summary>
            <param name="inputs">The input channels.</param>
            <param name="outputs">The output channels.</param>
            <param name="value">The value of the crosspoint mute.</param>
        </member>
        <member name="M:QscQsys.QsysFader.Volume(System.Int32)">
            <summary>
            Sets the current volume.
            </summary>
            <param name="value">The volume level to set to.</param>
        </member>
        <member name="M:QscQsys.QsysFader.Volume(System.UInt16)">
            <summary>
            Sets the current volume value.
            </summary>
            <param name="value">Volume value to set the fader to.</param>
        </member>
        <member name="M:QscQsys.QsysFader.Mute(System.Boolean)">
            <summary>
            Sets the current mute state.
            </summary>
            <param name="value">The state to set the mute.</param>
        </member>
        <member name="M:QscQsys.QsysFader.Mute(System.UInt16)">
            <summary>
            Sets the current mute state.
            </summary>
            <param name="value">The state to set the mute.</param>
        </member>
    </members>
</doc>
